{
  "name": "paper-ripple",
  "version": "1.0.5",
  "license": "http://polymer.github.io/LICENSE.txt",
  "description": "Adds a material design ripple to any container",
  "private": true,
  "authors": [
    "The Polymer Authors"
  ],
  "keywords": [
    "web-components",
    "polymer",
    "ripple"
  ],
  "repository": {
    "type": "git",
    "url": "git://github.com/PolymerElements/paper-ripple.git"
  },
  "main": "paper-ripple.html",
  "dependencies": {
    "polymer": "Polymer/polymer#^1.1.0",
    "iron-a11y-keys-behavior": "polymerelements/iron-a11y-keys-behavior#^1.0.0"
  },
  "devDependencies": {
    "iron-component-page": "polymerelements/iron-component-page#^1.0.0",
    "iron-icon": "polymerelements/iron-icon#^1.0.0",
    "iron-icons": "polymerelements/iron-icons#^1.0.0",
    "paper-styles": "polymerelements/paper-styles#^1.0.0",
    "test-fixture": "polymerelements/test-fixture#^1.0.0",
    "web-component-tester": "polymer/web-component-tester#^3.4.0",
    "webcomponentsjs": "webcomponents/webcomponentsjs#^0.7.0",
    "iron-test-helpers": "PolymerElements/iron-test-helpers#^1.0.0"
  },
  "ignore": [],
  "homepage": "https://github.com/PolymerElements/paper-ripple",
  "_release": "1.0.5",
  "_resolution": {
    "type": "version",
    "tag": "v1.0.5",
    "commit": "d72e7a9a8ab518b901ed18dde492df3b87a93be5"
  },
  "_source": "git://github.com/PolymerElements/paper-ripple.git",
  "_target": "^1.0.0",
  "_originalSource": "PolymerElements/paper-ripple"
}