{
  "name": "iron-selector",
  "version": "1.2.4",
  "description": "Manages a set of elements that can be selected",
  "private": true,
  "license": "http://polymer.github.io/LICENSE.txt",
  "main": "iron-selector.html",
  "authors": [
    "The Polymer Authors"
  ],
  "keywords": [
    "web-components",
    "polymer",
    "selector"
  ],
  "repository": {
    "type": "git",
    "url": "git://github.com/PolymerElements/iron-selector.git"
  },
  "homepage": "https://github.com/PolymerElements/iron-selector",
  "ignore": [],
  "dependencies": {
    "polymer": "Polymer/polymer#^1.2.0"
  },
  "devDependencies": {
    "iron-component-page": "PolymerElements/iron-component-page#^1.0.0",
    "iron-test-helpers": "polymerelements/iron-test-helpers#^1.0.0",
    "paper-styles": "PolymerElements/paper-styles#^1.0.4",
    "test-fixture": "PolymerElements/test-fixture#^1.0.0",
    "web-component-tester": "^4.0.0",
    "webcomponentsjs": "webcomponents/webcomponentsjs#^0.7.0"
  },
  "_release": "1.2.4",
  "_resolution": {
    "type": "version",
    "tag": "v1.2.4",
    "commit": "1ee4e2e11a9e5118320987d93fc2c03ae9a489f4"
  },
  "_source": "git://github.com/PolymerElements/iron-selector.git",
  "_target": "^1.0.0",
  "_originalSource": "PolymerElements/iron-selector"
}