{
  "name": "google-apis",
  "version": "1.1.6",
  "description": "Web components to load Google API libraries",
  "homepage": "https://elements.polymer-project.org/elements/google-apis?active=google-js-api",
  "main": "google-apis.html",
  "authors": [
    "Scott Miles <sjmiles@google.com>",
    "Eric Bidelman <ebidel@gmail.com>"
  ],
  "license": "Apache2",
  "ignore": [
    "/.*",
    "/test/"
  ],
  "keywords": [
    "web-component",
    "web-components",
    "polymer",
    "google",
    "apis"
  ],
  "dependencies": {
    "polymer": "Polymer/polymer#^1.0.0",
    "iron-jsonp-library": "PolymerElements/iron-jsonp-library#^1.0.0"
  },
  "devDependencies": {
    "iron-component-page": "PolymerElements/iron-component-page#^1.0.0"
  },
  "_release": "1.1.6",
  "_resolution": {
    "type": "version",
    "tag": "1.1.6",
    "commit": "cc61087168d492d03865c57caae0935fb8d2e70b"
  },
  "_source": "git://github.com/GoogleWebComponents/google-apis.git",
  "_target": "^1.1.1",
  "_originalSource": "GoogleWebComponents/google-apis"
}