{
  "name": "iron-fit-behavior",
  "version": "1.2.3",
  "license": "http://polymer.github.io/LICENSE.txt",
  "description": "Fits an element inside another element",
  "private": true,
  "main": "iron-fit-behavior.html",
  "keywords": [
    "web-components",
    "polymer",
    "behavior"
  ],
  "authors": [
    "The Polymer Authors"
  ],
  "repository": {
    "type": "git",
    "url": "git://github.com/PolymerElements/iron-fit-behavior.git"
  },
  "dependencies": {
    "polymer": "Polymer/polymer#^1.0.0"
  },
  "devDependencies": {
    "iron-component-page": "PolymerElements/iron-component-page#^1.0.0",
    "iron-demo-helpers": "PolymerElements/iron-demo-helpers#^1.0.0",
    "test-fixture": "PolymerElements/test-fixture#^1.0.0",
    "web-component-tester": "^4.0.0",
    "webcomponentsjs": "webcomponents/webcomponentsjs#^0.7.0"
  },
  "ignore": [],
  "homepage": "https://github.com/PolymerElements/iron-fit-behavior",
  "_release": "1.2.3",
  "_resolution": {
    "type": "version",
    "tag": "v1.2.3",
    "commit": "ad54693c57aeb893407a4b5d843e36ee8178f72b"
  },
  "_source": "git://github.com/PolymerElements/iron-fit-behavior.git",
  "_target": "^1.0.0",
  "_originalSource": "PolymerElements/iron-fit-behavior"
}